"model_id","location","log_score","n"
"Flusight-baseline","01",5.17256137351268,16
"Flusight-baseline","02",7.05478642499644,16
"Flusight-baseline","04",6.2013095727127,16
"Flusight-baseline","05",2.31255342290204,16
"Flusight-baseline","06",Inf,16
"Flusight-baseline","08",1.08375891013073,16
"Flusight-baseline","09",Inf,16
"Flusight-baseline","10",2.23654262123668,16
"Flusight-baseline","11",Inf,16
"Flusight-baseline","12",1.67226480142234,16
"Flusight-baseline","13",0.0230674841126015,16
"Flusight-baseline","15",0.0110384083427154,16
"Flusight-baseline","16",Inf,16
"Flusight-baseline","17",Inf,16
"Flusight-baseline","18",Inf,16
"Flusight-baseline","19",5.89821859081182,16
"Flusight-baseline","20",Inf,16
"Flusight-baseline","21",Inf,16
"Flusight-baseline","22",2.78360695195739,16
"Flusight-baseline","23",3.48175710751928,16
"Flusight-baseline","24",5.20576889487167,16
"Flusight-baseline","25",Inf,16
"Flusight-baseline","26",Inf,16
"Flusight-baseline","27",3.26006477599016,16
"Flusight-baseline","28",5.50885153571826,16
"Flusight-baseline","29",Inf,16
"Flusight-baseline","30",3.38014338451439,16
"Flusight-baseline","31",1.89368870590002,16
"Flusight-baseline","32",5.19754928335681,16
"Flusight-baseline","33",5.55395563261293,16
"Flusight-baseline","34",5.60070154215084,16
"Flusight-baseline","35",1.57453828669555,16
"Flusight-baseline","36",Inf,16
"Flusight-baseline","37",2.49819511386341,16
"Flusight-baseline","38",1.84544502465507,16
"Flusight-baseline","39",Inf,16
"Flusight-baseline","40",4.5367771505065,16
"Flusight-baseline","41",Inf,16
"Flusight-baseline","42",7.12992761826992,16
"Flusight-baseline","44",1.33034849235121,16
"Flusight-baseline","45",4.15406712215277,16
"Flusight-baseline","46",3.27986174951667,16
"Flusight-baseline","47",3.85250478692709,16
"Flusight-baseline","48",4.32385193813166,16
"Flusight-baseline","49",0.239288942300478,16
"Flusight-baseline","50",4.59524822626042,16
"Flusight-baseline","51",Inf,16
"Flusight-baseline","53",Inf,16
"Flusight-baseline","54",2.80843114817071,16
"Flusight-baseline","55",Inf,16
"Flusight-baseline","56",4.40426121903252,16
"Flusight-baseline","72",0.475966067221005,16
"Flusight-baseline","US",Inf,16
"MOBS-GLEAM_FLUH","01",1.74558991736042,16
"MOBS-GLEAM_FLUH","02",2.30578119318302,16
"MOBS-GLEAM_FLUH","05",2.4332752247722,16
"MOBS-GLEAM_FLUH","11",1.17919458615473,16
"MOBS-GLEAM_FLUH","13",0.859321631925311,16
"MOBS-GLEAM_FLUH","15",0.0351960847290951,16
"MOBS-GLEAM_FLUH","18",4.86549502760656,16
"MOBS-GLEAM_FLUH","19",Inf,16
"MOBS-GLEAM_FLUH","21",0.605762212362863,16
"MOBS-GLEAM_FLUH","22",1.57681180580435,16
"MOBS-GLEAM_FLUH","24",0.856538479007246,16
"MOBS-GLEAM_FLUH","28",0.774925603575592,16
"MOBS-GLEAM_FLUH","31",1.62220309972352,16
"MOBS-GLEAM_FLUH","35",0.630741123361548,16
"MOBS-GLEAM_FLUH","38",1.56651651243198,16
"MOBS-GLEAM_FLUH","40",2.51346083551584,16
"MOBS-GLEAM_FLUH","42",0.697421412154889,16
"MOBS-GLEAM_FLUH","45",0.767726238542054,16
"MOBS-GLEAM_FLUH","46",Inf,16
"MOBS-GLEAM_FLUH","47",1.21007428984156,16
"MOBS-GLEAM_FLUH","48",2.79347855806139,16
"MOBS-GLEAM_FLUH","49",0.176563768166766,16
"MOBS-GLEAM_FLUH","50",1.01081821680749,12
"MOBS-GLEAM_FLUH","54",1.16469710177124,16
"MOBS-GLEAM_FLUH","56",3.51221946637233,16
"MOBS-GLEAM_FLUH","US",1.12869230208088,16
"MOBS-GLEAM_FLUH","04",1.18122827775029,12
"MOBS-GLEAM_FLUH","06",1.28728499385314,12
"MOBS-GLEAM_FLUH","08",1.55025372948832,12
"MOBS-GLEAM_FLUH","09",2.52390833803711,12
"MOBS-GLEAM_FLUH","10",Inf,12
"MOBS-GLEAM_FLUH","12",0.882162200817284,12
"MOBS-GLEAM_FLUH","16",Inf,12
"MOBS-GLEAM_FLUH","17",2.04021171599307,12
"MOBS-GLEAM_FLUH","20",3.14247364498964,12
"MOBS-GLEAM_FLUH","23",Inf,12
"MOBS-GLEAM_FLUH","25",Inf,12
"MOBS-GLEAM_FLUH","26",2.10664253310879,12
"MOBS-GLEAM_FLUH","27",0.614615262429988,12
"MOBS-GLEAM_FLUH","29",3.93217440252029,12
"MOBS-GLEAM_FLUH","30",2.21243017647948,12
"MOBS-GLEAM_FLUH","32",1.29542094039367,12
"MOBS-GLEAM_FLUH","33",1.98446904873271,8
"MOBS-GLEAM_FLUH","34",0.543282564059131,12
"MOBS-GLEAM_FLUH","36",2.31952150859449,12
"MOBS-GLEAM_FLUH","37",0.458828739152238,12
"MOBS-GLEAM_FLUH","39",1.17516708984876,12
"MOBS-GLEAM_FLUH","41",Inf,12
"MOBS-GLEAM_FLUH","44",0.871180289353158,12
"MOBS-GLEAM_FLUH","51",0.400517031287927,12
"MOBS-GLEAM_FLUH","53",Inf,12
"MOBS-GLEAM_FLUH","55",Inf,12
"PSI-DICE","01",1.17374911929218,16
"PSI-DICE","02",3.22877520082341,16
"PSI-DICE","04",1.61433874476787,16
"PSI-DICE","05",1.03022891889807,16
"PSI-DICE","06",0.764580890976431,16
"PSI-DICE","08",1.32026107562489,16
"PSI-DICE","09",2.25940308750912,16
"PSI-DICE","10",1.38347826113315,16
"PSI-DICE","11",Inf,16
"PSI-DICE","12",2.32168341060683,16
"PSI-DICE","13",0.888204805664461,16
"PSI-DICE","15",0.370857807006126,16
"PSI-DICE","16",Inf,16
"PSI-DICE","17",Inf,16
"PSI-DICE","18",Inf,16
"PSI-DICE","19",Inf,16
"PSI-DICE","20",Inf,16
"PSI-DICE","21",1.95150973805323,16
"PSI-DICE","22",1.48521657526256,16
"PSI-DICE","23",Inf,16
"PSI-DICE","24",3.97316187533301,16
"PSI-DICE","25",Inf,16
"PSI-DICE","26",Inf,16
"PSI-DICE","27",Inf,16
"PSI-DICE","28",0.989078470186404,16
"PSI-DICE","29",1.61405939008868,16
"PSI-DICE","30",3.61338577204892,16
"PSI-DICE","31",2.42801297319711,16
"PSI-DICE","32",4.59429483580511,16
"PSI-DICE","33",Inf,16
"PSI-DICE","34",4.79049738458269,16
"PSI-DICE","35",1.59730140123696,16
"PSI-DICE","36",Inf,16
"PSI-DICE","37",Inf,16
"PSI-DICE","38",3.51730579999959,16
"PSI-DICE","39",Inf,16
"PSI-DICE","40",Inf,16
"PSI-DICE","41",6.30254211769944,16
"PSI-DICE","42",Inf,16
"PSI-DICE","44",0.794638289127698,16
"PSI-DICE","45",1.1992886924341,16
"PSI-DICE","46",Inf,16
"PSI-DICE","47",2.94849770952245,16
"PSI-DICE","48",4.24936359150581,16
"PSI-DICE","49",0.215317963465064,16
"PSI-DICE","50",Inf,16
"PSI-DICE","51",3.0055444610438,16
"PSI-DICE","53",Inf,16
"PSI-DICE","54",2.52228816812019,16
"PSI-DICE","55",Inf,16
"PSI-DICE","56",Inf,16
"PSI-DICE","72",1.12118814133625,16
"PSI-DICE","US",4.50457367265325,16
